,scoreType,score
0,sas(bert),0.05757575757575758
1,sas(bert),0.08787878787878789
2,sas(bert),0.027272727272727275
3,sas(bert),-0.003030303030303029
4,sas(bert),-0.03333333333333333
5,sas(bert),-0.03333333333333333
6,sas(bert),-0.003030303030303029
7,sas(bert),0.05757575757575758
8,sas(bert),0.027272727272727275
9,sas(bert),-0.003030303030303029
10,sas(bert),-0.03333333333333333
11,sas(bert),0.027272727272727275
12,sas(bert),0.05757575757575758
13,sas(bert),0.05757575757575758
14,sas(bert),-0.003030303030303029
15,sas(bert),-0.003030303030303029
16,sas(bert),-0.003030303030303029
17,sas(bert),-0.03333333333333333
18,sas(bert),0.027272727272727275
19,sas(bert),0.027272727272727275
20,sas(bert),0.027272727272727275
21,sas(bert),-0.03333333333333333
22,sas(bert),-0.003030303030303029
23,sas(bert),-0.003030303030303029
24,sas(bert),-0.03333333333333333
25,sas(bert),-0.03333333333333333
26,sas(bert),0.05757575757575758
27,sas(bert),-0.003030303030303029
28,sas(bert),0.027272727272727275
29,sas(bert),-0.03333333333333333
30,sas(bert),0.027272727272727275
31,sas(bert),-0.003030303030303029
32,sas(bert),-0.03333333333333333
33,sas(bert),0.027272727272727275
34,sas(bert),-0.003030303030303029
35,sas(bert),-0.003030303030303029
36,sas(bert),0.027272727272727275
37,sas(bert),-0.003030303030303029
38,sas(bert),-0.003030303030303029
39,sas(bert),-0.03333333333333333
40,sas(bert),-0.03333333333333333
41,sas(bert),-0.003030303030303029
42,sas(bert),0.027272727272727275
43,sas(bert),0.08787878787878789
44,sas(bert),0.027272727272727275
45,sas(bert),-0.003030303030303029
46,sas(bert),-0.03333333333333333
47,sas(bert),-0.03333333333333333
48,sas(bert),0.027272727272727275
49,sas(bert),-0.03333333333333333
50,sas(bert),0.05757575757575758
51,sas(bert),-0.003030303030303029
52,sas(bert),0.027272727272727275
53,sas(bert),-0.003030303030303029
54,sas(bert),-0.03333333333333333
55,sas(bert),0.027272727272727275
56,sas(bert),-0.003030303030303029
57,sas(bert),0.027272727272727275
58,sas(bert),0.05757575757575758
59,sas(bert),-0.003030303030303029
60,sas(bert),-0.003030303030303029
61,sas(bert),-0.003030303030303029
62,sas(bert),-0.003030303030303029
63,sas(bert),0.05757575757575758
64,sas(bert),0.05757575757575758
65,sas(bert),-0.003030303030303029
66,sas(bert),0.027272727272727275
67,sas(bert),0.027272727272727275
68,sas(bert),-0.03333333333333333
69,sas(bert),-0.003030303030303029
70,sas(bert),-0.003030303030303029
71,sas(bert),-0.003030303030303029
72,sas(bert),-0.03333333333333333
73,sas(bert),0.027272727272727275
74,sas(bert),-0.03333333333333333
75,sas(bert),-0.003030303030303029
76,sas(bert),-0.003030303030303029
77,sas(bert),-0.03333333333333333
78,sas(bert),-0.003030303030303029
79,sas(bert),0.027272727272727275
80,sas(bert),-0.003030303030303029
81,sas(bert),-0.003030303030303029
82,sas(bert),-0.03333333333333333
83,sas(bert),0.1181818181818182
84,sas(bert),0.027272727272727275
85,sas(bert),0.027272727272727275
86,sas(bert),-0.003030303030303029
87,sas(bert),-0.003030303030303029
88,sas(bert),-0.003030303030303029
89,sas(bert),-0.003030303030303029
90,sas(bert),-0.003030303030303029
91,sas(bert),-0.03333333333333333
92,sas(bert),0.027272727272727275
93,sas(bert),-0.03333333333333333
94,sas(bert),0.05757575757575758
95,sas(bert),-0.003030303030303029
96,sas(bert),-0.03333333333333333
97,sas(bert),0.027272727272727275
98,sas(bert),-0.003030303030303029
99,sas(bert),0.08787878787878789
100,sas(top_tfidf),-0.003030303030303029
101,sas(top_tfidf),-0.003030303030303029
102,sas(top_tfidf),-0.003030303030303029
103,sas(top_tfidf),-0.03333333333333333
104,sas(top_tfidf),-0.003030303030303029
105,sas(top_tfidf),-0.003030303030303029
106,sas(top_tfidf),0.027272727272727275
107,sas(top_tfidf),0.027272727272727275
108,sas(top_tfidf),-0.003030303030303029
109,sas(top_tfidf),0.027272727272727275
110,sas(top_tfidf),0.027272727272727275
111,sas(top_tfidf),0.027272727272727275
112,sas(top_tfidf),-0.03333333333333333
113,sas(top_tfidf),0.027272727272727275
114,sas(top_tfidf),0.027272727272727275
115,sas(top_tfidf),0.027272727272727275
116,sas(top_tfidf),-0.03333333333333333
117,sas(top_tfidf),-0.03333333333333333
118,sas(top_tfidf),-0.03333333333333333
119,sas(top_tfidf),0.027272727272727275
120,sas(top_tfidf),0.05757575757575758
121,sas(top_tfidf),-0.003030303030303029
122,sas(top_tfidf),-0.003030303030303029
123,sas(top_tfidf),-0.03333333333333333
124,sas(top_tfidf),-0.003030303030303029
125,sas(top_tfidf),-0.003030303030303029
126,sas(top_tfidf),-0.03333333333333333
127,sas(top_tfidf),0.027272727272727275
128,sas(top_tfidf),-0.003030303030303029
129,sas(top_tfidf),-0.03333333333333333
130,sas(top_tfidf),-0.03333333333333333
131,sas(top_tfidf),0.05757575757575758
132,sas(top_tfidf),-0.003030303030303029
133,sas(top_tfidf),0.05757575757575758
134,sas(top_tfidf),-0.03333333333333333
135,sas(top_tfidf),-0.003030303030303029
136,sas(top_tfidf),0.027272727272727275
137,sas(top_tfidf),0.027272727272727275
138,sas(top_tfidf),0.027272727272727275
139,sas(top_tfidf),-0.003030303030303029
140,sas(top_tfidf),-0.03333333333333333
141,sas(top_tfidf),-0.003030303030303029
142,sas(top_tfidf),-0.003030303030303029
143,sas(top_tfidf),-0.003030303030303029
144,sas(top_tfidf),-0.03333333333333333
145,sas(top_tfidf),-0.003030303030303029
146,sas(top_tfidf),-0.003030303030303029
147,sas(top_tfidf),-0.03333333333333333
148,sas(top_tfidf),0.027272727272727275
149,sas(top_tfidf),-0.003030303030303029
150,sas(top_tfidf),-0.003030303030303029
151,sas(top_tfidf),0.027272727272727275
152,sas(top_tfidf),-0.003030303030303029
153,sas(top_tfidf),0.05757575757575758
154,sas(top_tfidf),0.027272727272727275
155,sas(top_tfidf),-0.003030303030303029
156,sas(top_tfidf),0.027272727272727275
157,sas(top_tfidf),-0.003030303030303029
158,sas(top_tfidf),0.08787878787878789
159,sas(top_tfidf),-0.003030303030303029
160,sas(top_tfidf),0.08787878787878789
161,sas(top_tfidf),-0.003030303030303029
162,sas(top_tfidf),0.027272727272727275
163,sas(top_tfidf),0.027272727272727275
164,sas(top_tfidf),0.027272727272727275
165,sas(top_tfidf),-0.03333333333333333
166,sas(top_tfidf),-0.003030303030303029
167,sas(top_tfidf),-0.003030303030303029
168,sas(top_tfidf),-0.03333333333333333
169,sas(top_tfidf),0.027272727272727275
170,sas(top_tfidf),-0.003030303030303029
171,sas(top_tfidf),-0.003030303030303029
172,sas(top_tfidf),0.027272727272727275
173,sas(top_tfidf),-0.003030303030303029
174,sas(top_tfidf),-0.003030303030303029
175,sas(top_tfidf),-0.03333333333333333
176,sas(top_tfidf),0.027272727272727275
177,sas(top_tfidf),0.027272727272727275
178,sas(top_tfidf),-0.003030303030303029
179,sas(top_tfidf),0.05757575757575758
180,sas(top_tfidf),-0.003030303030303029
181,sas(top_tfidf),-0.03333333333333333
182,sas(top_tfidf),-0.003030303030303029
183,sas(top_tfidf),-0.03333333333333333
184,sas(top_tfidf),0.027272727272727275
185,sas(top_tfidf),0.027272727272727275
186,sas(top_tfidf),0.05757575757575758
187,sas(top_tfidf),0.027272727272727275
188,sas(top_tfidf),-0.003030303030303029
189,sas(top_tfidf),0.027272727272727275
190,sas(top_tfidf),-0.003030303030303029
191,sas(top_tfidf),-0.003030303030303029
192,sas(top_tfidf),-0.003030303030303029
193,sas(top_tfidf),-0.003030303030303029
194,sas(top_tfidf),0.05757575757575758
195,sas(top_tfidf),-0.03333333333333333
196,sas(top_tfidf),0.05757575757575758
197,sas(top_tfidf),-0.003030303030303029
198,sas(top_tfidf),0.05757575757575758
199,sas(top_tfidf),-0.003030303030303029
200,sas(top_bow),0.08787878787878789
201,sas(top_bow),0.027272727272727275
202,sas(top_bow),-0.03333333333333333
203,sas(top_bow),-0.03333333333333333
204,sas(top_bow),0.05757575757575758
205,sas(top_bow),-0.03333333333333333
206,sas(top_bow),-0.003030303030303029
207,sas(top_bow),0.05757575757575758
208,sas(top_bow),-0.003030303030303029
209,sas(top_bow),0.027272727272727275
210,sas(top_bow),0.027272727272727275
211,sas(top_bow),0.05757575757575758
212,sas(top_bow),-0.003030303030303029
213,sas(top_bow),0.027272727272727275
214,sas(top_bow),0.027272727272727275
215,sas(top_bow),0.027272727272727275
216,sas(top_bow),-0.03333333333333333
217,sas(top_bow),0.027272727272727275
218,sas(top_bow),-0.03333333333333333
219,sas(top_bow),-0.003030303030303029
220,sas(top_bow),-0.003030303030303029
221,sas(top_bow),0.08787878787878789
222,sas(top_bow),-0.003030303030303029
223,sas(top_bow),-0.003030303030303029
224,sas(top_bow),-0.003030303030303029
225,sas(top_bow),-0.03333333333333333
226,sas(top_bow),0.027272727272727275
227,sas(top_bow),0.027272727272727275
228,sas(top_bow),-0.03333333333333333
229,sas(top_bow),-0.003030303030303029
230,sas(top_bow),-0.03333333333333333
231,sas(top_bow),-0.003030303030303029
232,sas(top_bow),0.027272727272727275
233,sas(top_bow),0.05757575757575758
234,sas(top_bow),-0.03333333333333333
235,sas(top_bow),-0.003030303030303029
236,sas(top_bow),-0.003030303030303029
237,sas(top_bow),-0.003030303030303029
238,sas(top_bow),-0.003030303030303029
239,sas(top_bow),0.05757575757575758
240,sas(top_bow),-0.003030303030303029
241,sas(top_bow),0.027272727272727275
242,sas(top_bow),-0.003030303030303029
243,sas(top_bow),0.08787878787878789
244,sas(top_bow),0.027272727272727275
245,sas(top_bow),0.08787878787878789
246,sas(top_bow),0.05757575757575758
247,sas(top_bow),0.027272727272727275
248,sas(top_bow),0.05757575757575758
249,sas(top_bow),0.027272727272727275
250,sas(top_bow),-0.03333333333333333
251,sas(top_bow),-0.03333333333333333
252,sas(top_bow),-0.03333333333333333
253,sas(top_bow),-0.03333333333333333
254,sas(top_bow),-0.003030303030303029
255,sas(top_bow),0.05757575757575758
256,sas(top_bow),0.027272727272727275
257,sas(top_bow),0.027272727272727275
258,sas(top_bow),-0.003030303030303029
259,sas(top_bow),0.05757575757575758
260,sas(top_bow),-0.03333333333333333
261,sas(top_bow),0.05757575757575758
262,sas(top_bow),-0.03333333333333333
263,sas(top_bow),-0.003030303030303029
264,sas(top_bow),-0.03333333333333333
265,sas(top_bow),0.05757575757575758
266,sas(top_bow),-0.003030303030303029
267,sas(top_bow),-0.03333333333333333
268,sas(top_bow),-0.03333333333333333
269,sas(top_bow),0.027272727272727275
270,sas(top_bow),-0.03333333333333333
271,sas(top_bow),-0.003030303030303029
272,sas(top_bow),0.027272727272727275
273,sas(top_bow),0.05757575757575758
274,sas(top_bow),0.05757575757575758
275,sas(top_bow),-0.003030303030303029
276,sas(top_bow),-0.03333333333333333
277,sas(top_bow),-0.003030303030303029
278,sas(top_bow),0.05757575757575758
279,sas(top_bow),0.027272727272727275
280,sas(top_bow),0.027272727272727275
281,sas(top_bow),-0.003030303030303029
282,sas(top_bow),-0.03333333333333333
283,sas(top_bow),-0.003030303030303029
284,sas(top_bow),-0.003030303030303029
285,sas(top_bow),0.027272727272727275
286,sas(top_bow),0.027272727272727275
287,sas(top_bow),0.05757575757575758
288,sas(top_bow),0.027272727272727275
289,sas(top_bow),-0.003030303030303029
290,sas(top_bow),-0.03333333333333333
291,sas(top_bow),-0.03333333333333333
292,sas(top_bow),0.027272727272727275
293,sas(top_bow),0.027272727272727275
294,sas(top_bow),0.027272727272727275
295,sas(top_bow),-0.03333333333333333
296,sas(top_bow),-0.003030303030303029
297,sas(top_bow),-0.003030303030303029
298,sas(top_bow),0.027272727272727275
299,sas(top_bow),-0.003030303030303029
300,sas(w2v_weighted),0.05757575757575758
301,sas(w2v_weighted),-0.003030303030303029
302,sas(w2v_weighted),0.027272727272727275
303,sas(w2v_weighted),0.027272727272727275
304,sas(w2v_weighted),-0.003030303030303029
305,sas(w2v_weighted),0.08787878787878789
306,sas(w2v_weighted),0.027272727272727275
307,sas(w2v_weighted),-0.003030303030303029
308,sas(w2v_weighted),0.05757575757575758
309,sas(w2v_weighted),0.08787878787878789
310,sas(w2v_weighted),-0.003030303030303029
311,sas(w2v_weighted),0.1181818181818182
312,sas(w2v_weighted),0.027272727272727275
313,sas(w2v_weighted),0.05757575757575758
314,sas(w2v_weighted),0.027272727272727275
315,sas(w2v_weighted),0.027272727272727275
316,sas(w2v_weighted),0.027272727272727275
317,sas(w2v_weighted),0.1181818181818182
318,sas(w2v_weighted),0.05757575757575758
319,sas(w2v_weighted),0.1181818181818182
320,sas(w2v_weighted),0.1181818181818182
321,sas(w2v_weighted),0.08787878787878789
322,sas(w2v_weighted),0.027272727272727275
323,sas(w2v_weighted),0.05757575757575758
324,sas(w2v_weighted),0.05757575757575758
325,sas(w2v_weighted),0.05757575757575758
326,sas(w2v_weighted),0.05757575757575758
327,sas(w2v_weighted),0.05757575757575758
328,sas(w2v_weighted),-0.003030303030303029
329,sas(w2v_weighted),-0.003030303030303029
330,sas(w2v_weighted),-0.03333333333333333
331,sas(w2v_weighted),0.027272727272727275
332,sas(w2v_weighted),0.1181818181818182
333,sas(w2v_weighted),0.027272727272727275
334,sas(w2v_weighted),-0.03333333333333333
335,sas(w2v_weighted),0.1181818181818182
336,sas(w2v_weighted),0.1181818181818182
337,sas(w2v_weighted),0.027272727272727275
338,sas(w2v_weighted),0.027272727272727275
339,sas(w2v_weighted),-0.003030303030303029
340,sas(w2v_weighted),-0.003030303030303029
341,sas(w2v_weighted),0.027272727272727275
342,sas(w2v_weighted),0.027272727272727275
343,sas(w2v_weighted),0.08787878787878789
344,sas(w2v_weighted),-0.003030303030303029
345,sas(w2v_weighted),-0.003030303030303029
346,sas(w2v_weighted),0.027272727272727275
347,sas(w2v_weighted),0.05757575757575758
348,sas(w2v_weighted),0.05757575757575758
349,sas(w2v_weighted),0.05757575757575758
350,sas(w2v_weighted),-0.03333333333333333
351,sas(w2v_weighted),0.05757575757575758
352,sas(w2v_weighted),0.05757575757575758
353,sas(w2v_weighted),0.1484848484848485
354,sas(w2v_weighted),0.05757575757575758
355,sas(w2v_weighted),0.1484848484848485
356,sas(w2v_weighted),0.05757575757575758
357,sas(w2v_weighted),0.027272727272727275
358,sas(w2v_weighted),0.027272727272727275
359,sas(w2v_weighted),0.05757575757575758
360,sas(w2v_weighted),0.027272727272727275
361,sas(w2v_weighted),0.027272727272727275
362,sas(w2v_weighted),0.027272727272727275
363,sas(w2v_weighted),0.1484848484848485
364,sas(w2v_weighted),0.05757575757575758
365,sas(w2v_weighted),0.027272727272727275
366,sas(w2v_weighted),0.027272727272727275
367,sas(w2v_weighted),0.05757575757575758
368,sas(w2v_weighted),0.1484848484848485
369,sas(w2v_weighted),0.08787878787878789
370,sas(w2v_weighted),-0.03333333333333333
371,sas(w2v_weighted),0.027272727272727275
372,sas(w2v_weighted),0.05757575757575758
373,sas(w2v_weighted),0.05757575757575758
374,sas(w2v_weighted),-0.003030303030303029
375,sas(w2v_weighted),0.1181818181818182
376,sas(w2v_weighted),-0.003030303030303029
377,sas(w2v_weighted),0.1484848484848485
378,sas(w2v_weighted),-0.003030303030303029
379,sas(w2v_weighted),0.08787878787878789
380,sas(w2v_weighted),0.027272727272727275
381,sas(w2v_weighted),0.05757575757575758
382,sas(w2v_weighted),-0.003030303030303029
383,sas(w2v_weighted),0.08787878787878789
384,sas(w2v_weighted),0.027272727272727275
385,sas(w2v_weighted),0.05757575757575758
386,sas(w2v_weighted),0.05757575757575758
387,sas(w2v_weighted),0.027272727272727275
388,sas(w2v_weighted),0.1181818181818182
389,sas(w2v_weighted),-0.003030303030303029
390,sas(w2v_weighted),0.027272727272727275
391,sas(w2v_weighted),0.027272727272727275
392,sas(w2v_weighted),0.05757575757575758
393,sas(w2v_weighted),0.05757575757575758
394,sas(w2v_weighted),0.05757575757575758
395,sas(w2v_weighted),0.027272727272727275
396,sas(w2v_weighted),0.1181818181818182
397,sas(w2v_weighted),0.05757575757575758
398,sas(w2v_weighted),0.05757575757575758
399,sas(w2v_weighted),0.05757575757575758
400,sas(w2v_sif),0.1181818181818182
401,sas(w2v_sif),0.05757575757575758
402,sas(w2v_sif),0.1181818181818182
403,sas(w2v_sif),0.027272727272727275
404,sas(w2v_sif),0.08787878787878789
405,sas(w2v_sif),0.05757575757575758
406,sas(w2v_sif),0.027272727272727275
407,sas(w2v_sif),0.027272727272727275
408,sas(w2v_sif),0.027272727272727275
409,sas(w2v_sif),0.05757575757575758
410,sas(w2v_sif),0.027272727272727275
411,sas(w2v_sif),-0.003030303030303029
412,sas(w2v_sif),0.027272727272727275
413,sas(w2v_sif),0.1181818181818182
414,sas(w2v_sif),0.08787878787878789
415,sas(w2v_sif),0.05757575757575758
416,sas(w2v_sif),0.08787878787878789
417,sas(w2v_sif),-0.003030303030303029
418,sas(w2v_sif),-0.003030303030303029
419,sas(w2v_sif),0.08787878787878789
420,sas(w2v_sif),0.1181818181818182
421,sas(w2v_sif),0.05757575757575758
422,sas(w2v_sif),0.05757575757575758
423,sas(w2v_sif),0.1181818181818182
424,sas(w2v_sif),0.08787878787878789
425,sas(w2v_sif),-0.03333333333333333
426,sas(w2v_sif),0.08787878787878789
427,sas(w2v_sif),0.08787878787878789
428,sas(w2v_sif),0.027272727272727275
429,sas(w2v_sif),0.027272727272727275
430,sas(w2v_sif),0.08787878787878789
431,sas(w2v_sif),0.08787878787878789
432,sas(w2v_sif),0.027272727272727275
433,sas(w2v_sif),0.027272727272727275
434,sas(w2v_sif),0.027272727272727275
435,sas(w2v_sif),-0.003030303030303029
436,sas(w2v_sif),0.08787878787878789
437,sas(w2v_sif),0.08787878787878789
438,sas(w2v_sif),-0.003030303030303029
439,sas(w2v_sif),0.05757575757575758
440,sas(w2v_sif),0.1484848484848485
441,sas(w2v_sif),0.027272727272727275
442,sas(w2v_sif),0.027272727272727275
443,sas(w2v_sif),-0.003030303030303029
444,sas(w2v_sif),0.1181818181818182
445,sas(w2v_sif),-0.003030303030303029
446,sas(w2v_sif),0.05757575757575758
447,sas(w2v_sif),0.027272727272727275
448,sas(w2v_sif),0.08787878787878789
449,sas(w2v_sif),0.08787878787878789
450,sas(w2v_sif),-0.03333333333333333
451,sas(w2v_sif),0.08787878787878789
452,sas(w2v_sif),0.08787878787878789
453,sas(w2v_sif),-0.03333333333333333
454,sas(w2v_sif),0.05757575757575758
455,sas(w2v_sif),0.05757575757575758
456,sas(w2v_sif),0.05757575757575758
457,sas(w2v_sif),0.027272727272727275
458,sas(w2v_sif),0.1181818181818182
459,sas(w2v_sif),0.08787878787878789
460,sas(w2v_sif),0.08787878787878789
461,sas(w2v_sif),-0.003030303030303029
462,sas(w2v_sif),0.08787878787878789
463,sas(w2v_sif),0.027272727272727275
464,sas(w2v_sif),0.027272727272727275
465,sas(w2v_sif),0.08787878787878789
466,sas(w2v_sif),0.08787878787878789
467,sas(w2v_sif),0.1787878787878788
468,sas(w2v_sif),0.08787878787878789
469,sas(w2v_sif),0.1181818181818182
470,sas(w2v_sif),0.027272727272727275
471,sas(w2v_sif),-0.003030303030303029
472,sas(w2v_sif),0.08787878787878789
473,sas(w2v_sif),0.027272727272727275
474,sas(w2v_sif),-0.03333333333333333
475,sas(w2v_sif),0.05757575757575758
476,sas(w2v_sif),0.05757575757575758
477,sas(w2v_sif),0.1181818181818182
478,sas(w2v_sif),0.05757575757575758
479,sas(w2v_sif),0.1181818181818182
480,sas(w2v_sif),0.027272727272727275
481,sas(w2v_sif),0.08787878787878789
482,sas(w2v_sif),0.05757575757575758
483,sas(w2v_sif),0.05757575757575758
484,sas(w2v_sif),0.1484848484848485
485,sas(w2v_sif),0.05757575757575758
486,sas(w2v_sif),0.1181818181818182
487,sas(w2v_sif),0.05757575757575758
488,sas(w2v_sif),0.08787878787878789
489,sas(w2v_sif),0.027272727272727275
490,sas(w2v_sif),0.08787878787878789
491,sas(w2v_sif),0.027272727272727275
492,sas(w2v_sif),0.1181818181818182
493,sas(w2v_sif),0.08787878787878789
494,sas(w2v_sif),0.05757575757575758
495,sas(w2v_sif),0.1181818181818182
496,sas(w2v_sif),0.08787878787878789
497,sas(w2v_sif),0.05757575757575758
498,sas(w2v_sif),0.08787878787878789
499,sas(w2v_sif),0.05757575757575758
500,jaccard(bert),0.053339284610086864
501,jaccard(bert),0.0532606542189098
502,jaccard(bert),0.0532997753887569
503,jaccard(bert),0.0533454087978223
504,jaccard(bert),0.05309220929452334
505,jaccard(bert),0.05312662777829799
506,jaccard(bert),0.053601286144680176
507,jaccard(bert),0.05327125490405648
508,jaccard(bert),0.05307590968786703
509,jaccard(bert),0.05336443991665238
510,jaccard(bert),0.053239779872245735
511,jaccard(bert),0.05359521053021528
512,jaccard(bert),0.05335254245414769
513,jaccard(bert),0.05364131505286101
514,jaccard(bert),0.053142431741381835
515,jaccard(bert),0.053513065965181066
516,jaccard(bert),0.053654340137199635
517,jaccard(bert),0.0531079269480305
518,jaccard(bert),0.05326521519952106
519,jaccard(bert),0.053391800500246146
520,jaccard(bert),0.053582376067609655
521,jaccard(bert),0.05323810767090453
522,jaccard(bert),0.053041281533378504
523,jaccard(bert),0.05334134317006557
524,jaccard(bert),0.053445637760401406
525,jaccard(bert),0.053401821263378745
526,jaccard(bert),0.05326586227062867
527,jaccard(bert),0.053196500095584805
528,jaccard(bert),0.05354805139247797
529,jaccard(bert),0.053001767109567555
530,jaccard(bert),0.05332610525409759
531,jaccard(bert),0.05272415644068469
532,jaccard(bert),0.053197234247951045
533,jaccard(bert),0.052984068922564305
534,jaccard(bert),0.053103305373362594
535,jaccard(bert),0.05332969112748803
536,jaccard(bert),0.053224606225889586
537,jaccard(bert),0.0534354535939038
538,jaccard(bert),0.05336830673973677
539,jaccard(bert),0.05308215429685353
540,jaccard(bert),0.05342590116242594
541,jaccard(bert),0.05362816288994069
542,jaccard(bert),0.05322680066700429
543,jaccard(bert),0.053138248544680716
544,jaccard(bert),0.05328498782571039
545,jaccard(bert),0.052948421510620174
546,jaccard(bert),0.05316416839248398
547,jaccard(bert),0.05289685934924565
548,jaccard(bert),0.0532974489765954
549,jaccard(bert),0.053741270046297605
550,jaccard(bert),0.05362767804164182
551,jaccard(bert),0.05349727510626257
552,jaccard(bert),0.05307286880112616
553,jaccard(bert),0.053241430420357304
554,jaccard(bert),0.053667637103313424
555,jaccard(bert),0.05340509808646327
556,jaccard(bert),0.053719214678823284
557,jaccard(bert),0.05328244040062244
558,jaccard(bert),0.05345285392034824
559,jaccard(bert),0.0534060206133876
560,jaccard(bert),0.05324757990089514
561,jaccard(bert),0.0533647749797038
562,jaccard(bert),0.053233352935029205
563,jaccard(bert),0.053170116784386656
564,jaccard(bert),0.053026122913246355
565,jaccard(bert),0.05310590073335366
566,jaccard(bert),0.05348610313909704
567,jaccard(bert),0.053238161969401156
568,jaccard(bert),0.05316752874309253
569,jaccard(bert),0.05295586518039826
570,jaccard(bert),0.0533803234461727
571,jaccard(bert),0.0532300770700083
572,jaccard(bert),0.053002616504961755
573,jaccard(bert),0.05343623702452683
574,jaccard(bert),0.05370620483072863
575,jaccard(bert),0.05331810836744666
576,jaccard(bert),0.053409328135872895
577,jaccard(bert),0.0532596233876797
578,jaccard(bert),0.053306022638378976
579,jaccard(bert),0.05331293835149767
580,jaccard(bert),0.053169572126100975
581,jaccard(bert),0.053096407081568264
582,jaccard(bert),0.05323306899500025
583,jaccard(bert),0.053211039120719505
584,jaccard(bert),0.053192590422407905
585,jaccard(bert),0.05374018831249678
586,jaccard(bert),0.05335305276435626
587,jaccard(bert),0.05310309963842756
588,jaccard(bert),0.05348910890451104
589,jaccard(bert),0.05311106674244335
590,jaccard(bert),0.05335185853300534
591,jaccard(bert),0.05311553191839889
592,jaccard(bert),0.05341612092929387
593,jaccard(bert),0.05338789339534626
594,jaccard(bert),0.053296030634070776
595,jaccard(bert),0.053108716323912224
596,jaccard(bert),0.05317834519598391
597,jaccard(bert),0.053370581987753574
598,jaccard(bert),0.05344667879380361
599,jaccard(bert),0.05347221531406577
600,jaccard(top_tfidf),0.053124239775689655
601,jaccard(top_tfidf),0.052915701932904805
602,jaccard(top_tfidf),0.053079820314296026
603,jaccard(top_tfidf),0.053094184017725504
604,jaccard(top_tfidf),0.05326627096167869
605,jaccard(top_tfidf),0.05289035413149581
606,jaccard(top_tfidf),0.05315102039002206
607,jaccard(top_tfidf),0.05317499436542587
608,jaccard(top_tfidf),0.053068892685096784
609,jaccard(top_tfidf),0.05316541443408547
610,jaccard(top_tfidf),0.052726790190269275
611,jaccard(top_tfidf),0.052871858447747874
612,jaccard(top_tfidf),0.05300032257339856
613,jaccard(top_tfidf),0.0530885538903159
614,jaccard(top_tfidf),0.05335993426445652
615,jaccard(top_tfidf),0.053014151517647344
616,jaccard(top_tfidf),0.05300834536129583
617,jaccard(top_tfidf),0.05317430358834811
618,jaccard(top_tfidf),0.05276831041847604
619,jaccard(top_tfidf),0.05328896058514045
620,jaccard(top_tfidf),0.05322260809731651
621,jaccard(top_tfidf),0.05306324088706104
622,jaccard(top_tfidf),0.05333368071381143
623,jaccard(top_tfidf),0.05324725892513062
624,jaccard(top_tfidf),0.05296491535419004
625,jaccard(top_tfidf),0.05305053674157481
626,jaccard(top_tfidf),0.05312691759994621
627,jaccard(top_tfidf),0.053081715928214174
628,jaccard(top_tfidf),0.053623090148563674
629,jaccard(top_tfidf),0.05311925782029124
630,jaccard(top_tfidf),0.053097043898003654
631,jaccard(top_tfidf),0.05330489241433519
632,jaccard(top_tfidf),0.05314037354554447
633,jaccard(top_tfidf),0.05306465237489023
634,jaccard(top_tfidf),0.05295690371107863
635,jaccard(top_tfidf),0.05305109489629319
636,jaccard(top_tfidf),0.05317580684340727
637,jaccard(top_tfidf),0.05325716116383354
638,jaccard(top_tfidf),0.05342870657442967
639,jaccard(top_tfidf),0.05318717728110158
640,jaccard(top_tfidf),0.05359425591770895
641,jaccard(top_tfidf),0.053594081216397166
642,jaccard(top_tfidf),0.05302255729528672
643,jaccard(top_tfidf),0.052888748878322095
644,jaccard(top_tfidf),0.053325706387467815
645,jaccard(top_tfidf),0.053042807742504826
646,jaccard(top_tfidf),0.05358613545518256
647,jaccard(top_tfidf),0.05283440638937469
648,jaccard(top_tfidf),0.053033755648043246
649,jaccard(top_tfidf),0.053303585183173824
650,jaccard(top_tfidf),0.05282276448321517
651,jaccard(top_tfidf),0.052971077919808505
652,jaccard(top_tfidf),0.05307458377677907
653,jaccard(top_tfidf),0.05317788670592817
654,jaccard(top_tfidf),0.05333943858394105
655,jaccard(top_tfidf),0.05305980377331277
656,jaccard(top_tfidf),0.05349987296386037
657,jaccard(top_tfidf),0.053122485992991436
658,jaccard(top_tfidf),0.053090313203031377
659,jaccard(top_tfidf),0.05326413488820736
660,jaccard(top_tfidf),0.05289518035946531
661,jaccard(top_tfidf),0.0533516388523936
662,jaccard(top_tfidf),0.05298935252914092
663,jaccard(top_tfidf),0.053355374031885235
664,jaccard(top_tfidf),0.0533570640078902
665,jaccard(top_tfidf),0.052823046990728435
666,jaccard(top_tfidf),0.05325885318974849
667,jaccard(top_tfidf),0.053124811983200786
668,jaccard(top_tfidf),0.053148250436043556
669,jaccard(top_tfidf),0.05333635068691608
670,jaccard(top_tfidf),0.05345493264213679
671,jaccard(top_tfidf),0.05307823950833956
672,jaccard(top_tfidf),0.053065868161567366
673,jaccard(top_tfidf),0.053179988138784974
674,jaccard(top_tfidf),0.052790071675459835
675,jaccard(top_tfidf),0.052989408087662206
676,jaccard(top_tfidf),0.053217922221543784
677,jaccard(top_tfidf),0.053230630405991755
678,jaccard(top_tfidf),0.053054586213848585
679,jaccard(top_tfidf),0.053258208775142986
680,jaccard(top_tfidf),0.05295643364668653
681,jaccard(top_tfidf),0.05311186688604481
682,jaccard(top_tfidf),0.05296816910260376
683,jaccard(top_tfidf),0.053399933562462
684,jaccard(top_tfidf),0.05298005388474564
685,jaccard(top_tfidf),0.05366466646423722
686,jaccard(top_tfidf),0.05294427787941395
687,jaccard(top_tfidf),0.05319892780154185
688,jaccard(top_tfidf),0.053038001037566215
689,jaccard(top_tfidf),0.052930704264526535
690,jaccard(top_tfidf),0.053136681894585286
691,jaccard(top_tfidf),0.05309947028989977
692,jaccard(top_tfidf),0.05304364959423567
693,jaccard(top_tfidf),0.053637340826313225
694,jaccard(top_tfidf),0.05294178485854481
695,jaccard(top_tfidf),0.052801923322576015
696,jaccard(top_tfidf),0.05327716684937601
697,jaccard(top_tfidf),0.05294921952766903
698,jaccard(top_tfidf),0.053187842216305625
699,jaccard(top_tfidf),0.05319471030032804
700,jaccard(top_bow),0.053139971437497394
701,jaccard(top_bow),0.053144833160849
702,jaccard(top_bow),0.05316441153321391
703,jaccard(top_bow),0.05305939410944911
704,jaccard(top_bow),0.05339231109817412
705,jaccard(top_bow),0.05304875007447229
706,jaccard(top_bow),0.0529747578804142
707,jaccard(top_bow),0.0530692632595847
708,jaccard(top_bow),0.05312977661810996
709,jaccard(top_bow),0.05320758106478025
710,jaccard(top_bow),0.05320577487379165
711,jaccard(top_bow),0.05325026481750493
712,jaccard(top_bow),0.05297880581052519
713,jaccard(top_bow),0.053161555377875445
714,jaccard(top_bow),0.05314637012331949
715,jaccard(top_bow),0.05304614974180003
716,jaccard(top_bow),0.05361189925965171
717,jaccard(top_bow),0.05289458718449052
718,jaccard(top_bow),0.053001116945173024
719,jaccard(top_bow),0.053320390791177105
720,jaccard(top_bow),0.053142586000738026
721,jaccard(top_bow),0.053532690955905765
722,jaccard(top_bow),0.05296512798701069
723,jaccard(top_bow),0.05292172218193342
724,jaccard(top_bow),0.0532680851730586
725,jaccard(top_bow),0.05315185909441114
726,jaccard(top_bow),0.053113767505709356
727,jaccard(top_bow),0.05302388515949654
728,jaccard(top_bow),0.05317459223334468
729,jaccard(top_bow),0.053348563589515015
730,jaccard(top_bow),0.053114146379995286
731,jaccard(top_bow),0.05326452443584701
732,jaccard(top_bow),0.05329096305047888
733,jaccard(top_bow),0.05309195676444963
734,jaccard(top_bow),0.053136237156698414
735,jaccard(top_bow),0.05313965153855807
736,jaccard(top_bow),0.05319672894853315
737,jaccard(top_bow),0.05321653153170681
738,jaccard(top_bow),0.05292768572269536
739,jaccard(top_bow),0.05315710691763798
740,jaccard(top_bow),0.05335317033781486
741,jaccard(top_bow),0.05338983773318847
742,jaccard(top_bow),0.05328807514099333
743,jaccard(top_bow),0.05329286533302774
744,jaccard(top_bow),0.05317476636480839
745,jaccard(top_bow),0.05325440902060212
746,jaccard(top_bow),0.05301902267618067
747,jaccard(top_bow),0.05334406384545822
748,jaccard(top_bow),0.05304288834627365
749,jaccard(top_bow),0.0530554473918983
750,jaccard(top_bow),0.053111344038863854
751,jaccard(top_bow),0.053326653550487095
752,jaccard(top_bow),0.05340550229825652
753,jaccard(top_bow),0.053114902174993255
754,jaccard(top_bow),0.05284765008563993
755,jaccard(top_bow),0.05341844301910558
756,jaccard(top_bow),0.0531540361400083
757,jaccard(top_bow),0.05310914513877859
758,jaccard(top_bow),0.053162735408656035
759,jaccard(top_bow),0.05317856317765363
760,jaccard(top_bow),0.05313995923845925
761,jaccard(top_bow),0.05312610956210526
762,jaccard(top_bow),0.052900611155478706
763,jaccard(top_bow),0.05297455337431449
764,jaccard(top_bow),0.053241371242431904
765,jaccard(top_bow),0.053222502489352175
766,jaccard(top_bow),0.05345458208295469
767,jaccard(top_bow),0.05314030899985784
768,jaccard(top_bow),0.05312171251829615
769,jaccard(top_bow),0.053259668245410674
770,jaccard(top_bow),0.052945426500463855
771,jaccard(top_bow),0.05316976128772069
772,jaccard(top_bow),0.05317896155070464
773,jaccard(top_bow),0.053098656902208524
774,jaccard(top_bow),0.05331492046759755
775,jaccard(top_bow),0.053241784127803234
776,jaccard(top_bow),0.05322562000605114
777,jaccard(top_bow),0.05304375458346225
778,jaccard(top_bow),0.05320686437992817
779,jaccard(top_bow),0.05296001741021314
780,jaccard(top_bow),0.05267318825807883
781,jaccard(top_bow),0.053111168905960814
782,jaccard(top_bow),0.05305943977710718
783,jaccard(top_bow),0.05306629330327238
784,jaccard(top_bow),0.05326955055410303
785,jaccard(top_bow),0.053345584943296734
786,jaccard(top_bow),0.05326526235532773
787,jaccard(top_bow),0.05325536980288892
788,jaccard(top_bow),0.053080019475967036
789,jaccard(top_bow),0.05341204505866841
790,jaccard(top_bow),0.05287666180101698
791,jaccard(top_bow),0.05314793866102736
792,jaccard(top_bow),0.053273527497441714
793,jaccard(top_bow),0.053100939458173076
794,jaccard(top_bow),0.05332329989346954
795,jaccard(top_bow),0.05332204361820283
796,jaccard(top_bow),0.05337355853233213
797,jaccard(top_bow),0.053031577623800036
798,jaccard(top_bow),0.0529513420441394
799,jaccard(top_bow),0.052980678411518635
800,jaccard(w2v_weighted),0.05370442499414594
801,jaccard(w2v_weighted),0.05388370891296403
802,jaccard(w2v_weighted),0.05337951375011031
803,jaccard(w2v_weighted),0.05345613512047829
804,jaccard(w2v_weighted),0.05389855487492469
805,jaccard(w2v_weighted),0.05401477839721451
806,jaccard(w2v_weighted),0.05406475660015887
807,jaccard(w2v_weighted),0.05381653903520825
808,jaccard(w2v_weighted),0.05387014950271102
809,jaccard(w2v_weighted),0.05363369387713912
810,jaccard(w2v_weighted),0.053862025273504394
811,jaccard(w2v_weighted),0.05417362854020577
812,jaccard(w2v_weighted),0.05366439336638913
813,jaccard(w2v_weighted),0.05344616697400231
814,jaccard(w2v_weighted),0.05385398950902479
815,jaccard(w2v_weighted),0.05400013897730522
816,jaccard(w2v_weighted),0.05369562904131345
817,jaccard(w2v_weighted),0.05402970825957415
818,jaccard(w2v_weighted),0.053466639424882875
819,jaccard(w2v_weighted),0.05348753061356051
820,jaccard(w2v_weighted),0.05432456845382654
821,jaccard(w2v_weighted),0.05371604253069887
822,jaccard(w2v_weighted),0.05362021962797944
823,jaccard(w2v_weighted),0.05362390816547568
824,jaccard(w2v_weighted),0.053537437305237315
825,jaccard(w2v_weighted),0.05371168801068441
826,jaccard(w2v_weighted),0.0540176290612027
827,jaccard(w2v_weighted),0.05345041754728517
828,jaccard(w2v_weighted),0.05344950149937965
829,jaccard(w2v_weighted),0.05374358004868051
830,jaccard(w2v_weighted),0.05371499937908584
831,jaccard(w2v_weighted),0.05395808517438264
832,jaccard(w2v_weighted),0.053729209515568095
833,jaccard(w2v_weighted),0.05364158091166976
834,jaccard(w2v_weighted),0.053690242467044826
835,jaccard(w2v_weighted),0.05360674823458367
836,jaccard(w2v_weighted),0.053949479030126736
837,jaccard(w2v_weighted),0.05383869230342281
838,jaccard(w2v_weighted),0.0540805174458134
839,jaccard(w2v_weighted),0.053602962634496744
840,jaccard(w2v_weighted),0.05348566412181137
841,jaccard(w2v_weighted),0.05362411889242828
842,jaccard(w2v_weighted),0.05404236002516883
843,jaccard(w2v_weighted),0.05367236158953122
844,jaccard(w2v_weighted),0.05394090298610345
845,jaccard(w2v_weighted),0.05365003157020047
846,jaccard(w2v_weighted),0.05364399023472088
847,jaccard(w2v_weighted),0.05345716073692058
848,jaccard(w2v_weighted),0.053910511783776004
849,jaccard(w2v_weighted),0.05370903436127431
850,jaccard(w2v_weighted),0.05379130462656826
851,jaccard(w2v_weighted),0.05394149078681185
852,jaccard(w2v_weighted),0.05418335736715872
853,jaccard(w2v_weighted),0.05386108824372486
854,jaccard(w2v_weighted),0.05403471124253589
855,jaccard(w2v_weighted),0.053735629920794614
856,jaccard(w2v_weighted),0.05390502930704847
857,jaccard(w2v_weighted),0.05376877655940211
858,jaccard(w2v_weighted),0.05394548152215935
859,jaccard(w2v_weighted),0.05368057386576655
860,jaccard(w2v_weighted),0.05358940174367283
861,jaccard(w2v_weighted),0.05369915390297802
862,jaccard(w2v_weighted),0.05360196272050344
863,jaccard(w2v_weighted),0.05393962033967176
864,jaccard(w2v_weighted),0.0536731074179597
865,jaccard(w2v_weighted),0.05396264637824179
866,jaccard(w2v_weighted),0.053419474256828366
867,jaccard(w2v_weighted),0.05385330351183391
868,jaccard(w2v_weighted),0.053862815137373385
869,jaccard(w2v_weighted),0.05359360875755197
870,jaccard(w2v_weighted),0.05354270870604991
871,jaccard(w2v_weighted),0.05367909519133514
872,jaccard(w2v_weighted),0.05379385961384494
873,jaccard(w2v_weighted),0.0535725591145587
874,jaccard(w2v_weighted),0.05362259981442744
875,jaccard(w2v_weighted),0.053768747335134974
876,jaccard(w2v_weighted),0.05390707208884608
877,jaccard(w2v_weighted),0.053452767822401215
878,jaccard(w2v_weighted),0.05334277691505052
879,jaccard(w2v_weighted),0.05387992864160246
880,jaccard(w2v_weighted),0.05391467922328866
881,jaccard(w2v_weighted),0.05353022573163614
882,jaccard(w2v_weighted),0.05314421522858049
883,jaccard(w2v_weighted),0.053704339367356885
884,jaccard(w2v_weighted),0.05356707895457788
885,jaccard(w2v_weighted),0.05386910157432472
886,jaccard(w2v_weighted),0.0534919346409123
887,jaccard(w2v_weighted),0.05408369012664142
888,jaccard(w2v_weighted),0.05351929964375212
889,jaccard(w2v_weighted),0.053814575322950274
890,jaccard(w2v_weighted),0.05367417114549829
891,jaccard(w2v_weighted),0.05386564930101193
892,jaccard(w2v_weighted),0.05344697294618177
893,jaccard(w2v_weighted),0.053922500206246164
894,jaccard(w2v_weighted),0.0534552144125768
895,jaccard(w2v_weighted),0.053637315473347165
896,jaccard(w2v_weighted),0.053872023844993636
897,jaccard(w2v_weighted),0.05381807142170427
898,jaccard(w2v_weighted),0.053978314846666146
899,jaccard(w2v_weighted),0.053680582673105055
900,jaccard(w2v_sif),0.0538580945659135
901,jaccard(w2v_sif),0.05359335880906363
902,jaccard(w2v_sif),0.05374241054892345
903,jaccard(w2v_sif),0.053634177088341194
904,jaccard(w2v_sif),0.053681335110967295
905,jaccard(w2v_sif),0.05368889721118191
906,jaccard(w2v_sif),0.05345009866174787
907,jaccard(w2v_sif),0.053595125301815545
908,jaccard(w2v_sif),0.0540184900606325
909,jaccard(w2v_sif),0.053763806564135395
910,jaccard(w2v_sif),0.05392806808961668
911,jaccard(w2v_sif),0.05418024147186086
912,jaccard(w2v_sif),0.05386798107833459
913,jaccard(w2v_sif),0.05358314853626801
914,jaccard(w2v_sif),0.05359254694628745
915,jaccard(w2v_sif),0.05356288632900804
916,jaccard(w2v_sif),0.053692526016177
917,jaccard(w2v_sif),0.053850178762671494
918,jaccard(w2v_sif),0.05365743285009689
919,jaccard(w2v_sif),0.05386394433637791
920,jaccard(w2v_sif),0.053989120273521415
921,jaccard(w2v_sif),0.05366556409842228
922,jaccard(w2v_sif),0.053784459859853334
923,jaccard(w2v_sif),0.054129469924538216
924,jaccard(w2v_sif),0.05351399807246794
925,jaccard(w2v_sif),0.05346453875265457
926,jaccard(w2v_sif),0.05404861105465685
927,jaccard(w2v_sif),0.05361350899086737
928,jaccard(w2v_sif),0.054111531521904836
929,jaccard(w2v_sif),0.05403518249998053
930,jaccard(w2v_sif),0.05355316854980908
931,jaccard(w2v_sif),0.05403824566702261
932,jaccard(w2v_sif),0.0537149318517805
933,jaccard(w2v_sif),0.05335000760892458
934,jaccard(w2v_sif),0.054083282238844725
935,jaccard(w2v_sif),0.05381058378854341
936,jaccard(w2v_sif),0.053741937332727634
937,jaccard(w2v_sif),0.05391545293362647
938,jaccard(w2v_sif),0.05363567929296901
939,jaccard(w2v_sif),0.05380848658028279
940,jaccard(w2v_sif),0.05354565520136853
941,jaccard(w2v_sif),0.05369706650568831
942,jaccard(w2v_sif),0.05376372722851578
943,jaccard(w2v_sif),0.05346829945619788
944,jaccard(w2v_sif),0.05385667583062779
945,jaccard(w2v_sif),0.053473989932301035
946,jaccard(w2v_sif),0.0538095034538556
947,jaccard(w2v_sif),0.05349304347488769
948,jaccard(w2v_sif),0.05373002941688607
949,jaccard(w2v_sif),0.05389472730299038
950,jaccard(w2v_sif),0.05388413339881115
951,jaccard(w2v_sif),0.053621990747998644
952,jaccard(w2v_sif),0.05387983793664132
953,jaccard(w2v_sif),0.053293886086524626
954,jaccard(w2v_sif),0.05365630414626971
955,jaccard(w2v_sif),0.05364719389431525
956,jaccard(w2v_sif),0.053789239067487275
957,jaccard(w2v_sif),0.0537398212110131
958,jaccard(w2v_sif),0.053782795453416035
959,jaccard(w2v_sif),0.05398208964985427
960,jaccard(w2v_sif),0.05361890561575248
961,jaccard(w2v_sif),0.05356363416245304
962,jaccard(w2v_sif),0.05336774017294887
963,jaccard(w2v_sif),0.05377332302446619
964,jaccard(w2v_sif),0.05387182067052873
965,jaccard(w2v_sif),0.05400621448575514
966,jaccard(w2v_sif),0.05382092032508388
967,jaccard(w2v_sif),0.05386447118356615
968,jaccard(w2v_sif),0.05385298280863459
969,jaccard(w2v_sif),0.053893853229034006
970,jaccard(w2v_sif),0.05353970868431603
971,jaccard(w2v_sif),0.05371535280194039
972,jaccard(w2v_sif),0.053569250638594995
973,jaccard(w2v_sif),0.05390266376765091
974,jaccard(w2v_sif),0.05377116466288839
975,jaccard(w2v_sif),0.05399131943810481
976,jaccard(w2v_sif),0.05335512288938939
977,jaccard(w2v_sif),0.05398310613901282
978,jaccard(w2v_sif),0.053824843123013534
979,jaccard(w2v_sif),0.05377164731588403
980,jaccard(w2v_sif),0.05378514121825363
981,jaccard(w2v_sif),0.05376735874021641
982,jaccard(w2v_sif),0.05385372206126313
983,jaccard(w2v_sif),0.053658184697916445
984,jaccard(w2v_sif),0.05362004434592857
985,jaccard(w2v_sif),0.05353906363180887
986,jaccard(w2v_sif),0.05348004269800733
987,jaccard(w2v_sif),0.05397218278374016
988,jaccard(w2v_sif),0.053489135818238796
989,jaccard(w2v_sif),0.05371523444767221
990,jaccard(w2v_sif),0.053897378458610985
991,jaccard(w2v_sif),0.05371995997004667
992,jaccard(w2v_sif),0.05367706162550971
993,jaccard(w2v_sif),0.05403638906468703
994,jaccard(w2v_sif),0.05358604976255668
995,jaccard(w2v_sif),0.053548258579452175
996,jaccard(w2v_sif),0.05371752431749288
997,jaccard(w2v_sif),0.05362452975865676
998,jaccard(w2v_sif),0.05368998466911268
999,jaccard(w2v_sif),0.05378599769551343
